Zipcode,Average Rent
95301,1341.6666666666667
95340,1529.0
95341,1483.3333333333333
95348,1605.4545454545455
95388,1800.0